date,day,work_type,location,hotel,check_in,check_out,travel,notes,linked_project,source
2026-04-22,Wednesday,Discussion,Graylinx Office Bangalore,,11:00 AM,2:00 PM,Mysore to Bangalore and return,Initial deployment and coordination discussion with Graylinx team,current-works,csv
2026-04-27,Monday,Office,Graylinx Office Bangalore,GRS Hotel,9:30 AM,6:30 PM,Mysore to Bangalore,Started office deployment and stayed at hotel near office,current-works,csv
2026-04-28,Tuesday,Office,Graylinx Office Bangalore,GRS Hotel,9:30 AM,6:30 PM,Stayed in Bangalore,Continued office work and architecture discussions,current-works,csv
2026-04-29,Wednesday,Office,Graylinx Office Bangalore,GRS Hotel,9:30 AM,6:30 PM,Stayed in Bangalore,Regular office work and coordination discussions,current-works,csv
2026-04-30,Thursday,Office,Graylinx Office Bangalore,GRS Hotel,9:30 AM,6:30 PM,Bangalore to Mysore,Returned to Mysore due to Friday leave,,csv
2026-05-01,Friday,Leave,Mysore,,Leave,Leave,Stayed in Mysore,Friday leave and rest day,,csv
2026-05-04,Monday,Discussion,NA Group Office Mysore,,10:00 AM,6:00 PM,Local travel within Mysore,PRD discussion regarding HVAC systems and architecture modules with Vishnu,omnyx,csv
2026-05-05,Tuesday,Discussion,NA Group Office Mysore,,10:00 AM,6:00 PM,Local travel within Mysore,Continued PRD planning and module discussions,omnyx,csv
2026-05-06,Wednesday,Discussion,NA Group Office Mysore,,10:00 AM,6:00 PM,Local travel within Mysore,Finalized PRD discussions and architecture workflows,omnyx,csv
2026-05-08,Friday,Office,Graylinx Office Bangalore,GRS Hotel,9:30 AM,6:30 PM,Mysore to Bangalore,Worked with Vishnu before his Australia travel and discussed ongoing tasks,,csv
2026-05-09,Saturday,Office,Graylinx Office Bangalore,GRS Hotel,9:30 AM,6:00 PM,Bangalore to Mysore,Returned to Mysore after architecture discussions and AI demonstrations,thermynx,csv
2026-05-10,Sunday,WFH,Mysore,,10:00 AM,5:00 PM,Worked from Mysore residence,Continued assigned tasks remotely and coordinated pending work,,csv
2026-05-11,Monday,WFH,Mysore,,10:00 AM,6:00 PM,Worked from Mysore residence,Existing BACnet simulation flow understanding discussions with team,gl-pbs,csv
2026-05-12,Tuesday,WFH,Mysore,,10:00 AM,6:00 PM,Worked from Mysore residence,BACnet device simulation and UI analysis discussions along with recruitment coordination,gl-pbs,csv
2026-05-13,Wednesday,WFH,Mysore,,10:00 AM,6:00 PM,Worked from Mysore residence,Interface and workflow architecture study and recruitment activities,omnyx,csv
2026-05-14,Thursday,WFH,Mysore,,10:00 AM,6:00 PM,Worked from Mysore residence,Technical coordination discussions ETL follow-ups and recruitment process handling,python-etl,csv
2026-05-15,Friday,WFH,Mysore,,10:00 AM,6:00 PM,Worked from Mysore residence,Transformer layer follow-up discussions and recruitment coordination activities,python-etl,csv
2026-05-16,Saturday,WFH,Mysore,,10:00 AM,5:00 PM,Worked from Mysore residence,ETL and conversion workflow discussions along with interview coordination,python-etl,csv
2026-05-17,Sunday,WFH,Mysore,,10:00 AM,4:00 PM,Worked from Mysore residence,Pending task coordination architecture planning and recruitment follow-ups,current-works,csv
2026-05-18,Monday,WFH,Mysore,,10:00 AM,6:00 PM,Worked from Mysore residence,Continued ETL transformer layer planning discussions and recruitment activities,python-etl,csv
2026-05-19,Tuesday,WFH,Mysore,,10:00 AM,6:00 PM,Worked from Mysore residence,Follow-up discussions architecture coordination and recruitment processes,current-works,csv
2026-05-20,Wednesday,WFH,Mysore,,10:00 AM,6:00 PM,Worked from Mysore residence,Continued ETL transformer planning pending clarifications and recruitment coordination,python-etl,csv
2026-05-21,Thursday,WFH,Mysore,,10:00 AM,6:00 PM,Worked from Mysore residence,Technical discussions implementation planning and interview coordination,current-works,csv
2026-05-22,Friday,WFH,Mysore,,10:00 AM,6:00 PM,Worked from Mysore residence,Continued project coordination follow-ups and recruitment activities,current-works,csv
2026-05-23,Saturday,WFH,Mysore,,10:00 AM,5:00 PM,Worked from Mysore residence,Ongoing ETL architecture planning discussions and recruitment work,python-etl,csv
2026-05-24,Sunday,WFH,Mysore,,10:00 AM,4:00 PM,Worked from Mysore residence,Pending workflow coordination architecture discussions and recruitment coordination,current-works,csv
2026-05-25,Monday,WFH,Mysore,,10:00 AM,6:00 PM,Worked from Mysore residence,Continued follow-ups project discussions and recruitment coordination,current-works,csv
2026-05-26,Tuesday,WFH,Mysore (residence),,,,,"OMNYX [9]: docs: PROJECT_OVERVIEW.md — vision, legacy comparison, transformation story; docs: ARCHITECTURE_RATIONALE.md — pros, cons, risk register, on-site scenarios; docs: align all MD docs with 2-DB architecture + Alloy/Kafka images (+6 more)  (9 commits)",omnyx,derived
2026-05-27,Wednesday,WFH,Mysore (residence),,,,,THERMYNX [1]: feat: implement full-stack HVAC AI operations platform with multi-agent orchestr  (1 commits),thermynx,derived
2026-05-28,Thursday,WFH,Mysore (residence),,,,,"THERMYNX [12]: feat: add architecture documentation and configure environment-specific Claude s; docs(ai): mark Tier 1/2/3 + Perf T1 + Reliability R1/R4 + Eval Phase 1 as shippe; fix(eval+ui): action-verb regex tolerates articles + vite proxy env-driven (+9 more) · Nesso [5]: docs: add comprehensive developer setup guide and link it in README; docs: initialize README.md with project overview, architecture, and documentatio; docs: add comprehensive project implementation plan and detailed screen inventor (+2 more)  (17 commits)",thermynx,derived
2026-05-29,Friday,WFH,Mysore (residence),,,,,"Nesso [8]: feat: implement activities dashboard and logging interface with API integration; feat(phase-3): crops + activities + catalog (POP + inputs) backend; feat(phase-2): web admin UI for farmers — dashboard shell, list, detail, approva (+5 more)  (8 commits)",farmer-app,derived
2026-05-30,Saturday,WFH,Mysore (residence),,,,,"Nesso [68]: feat(mobile): real in-app support + live multi-language (no more ""coming soon""); fix(mobile/login): bulletproof layout + themed + add missing elements; feat(mobile): app-wide dark mode — light/dark token system + working toggles ✅ (+65 more)  (68 commits)",farmer-app,derived
2026-05-31,Sunday,WFH,Mysore (residence),,,,,"Nesso [30]: perf(P2): web chart code-split, portal OG metadata, mobile FlatList tuning; fix(mobile): revert moti from dashboard — restore stable plain View KPI cards; docs: mark Phase 6/production ON HOLD until user says (P5 banner) (+27 more)  (30 commits)",farmer-app,derived
2026-06-01,Monday,WFH,Mysore (residence),,,,,"OMNYX [40]: presentation: fix file:// security warning — embed logo as data URI; presentation: top-only navigation, no bottom nav, BOM stripped, better highlight; presentation: remove left section sidebar — full-width deck (+37 more) · Nesso [34]: feat(web-vite): MiniMap is now a real map (Leaflet+OSM, open-source, no key); docs: add INTEGRATIONS.md (APIs/CDNs/keys) + migration status; perf(web-vite): swap recharts->ECharts (tree-shaken) + lazy-load heavy routes (+31 more) · THERMYNX [10]: docs(ai): ADR for per-task LLM right-sizing decision; chore(ollama): bump MAX_LOADED_MODELS=3 + pre-warm hot set on restart; feat(ai): right-size models per task in config defaults (+7 more)  (84 commits)",omnyx,derived
2026-06-02,Tuesday,WFH,Mysore (residence),,,,,"OMNYX [24]: docs(dev): keep ws-bridge in Docker when running api/web locally; style(frontend): new graphite + Klein palette, WCAG AA tuned for both modes; chore(dev): park Keycloak behind phase2 profile; add local hot-reload dev workfl (+21 more) · THERMYNX [10]: docs(ai): sync AI discovery docs and update README to 2026-06-02 final state; docs: add AI discovery documentation and local development settings; docs(ai): deprioritize Grafana/Prometheus dashboard panels — metrics already emi (+7 more) · Nesso [6]: docs(testing): update roles/logins doc for Vite cutover; feat(web-vite): full shell UI/UX parity with the design; fix(web-vite): Leaflet crash + LoginPage navigate-in-render (+3 more)  (40 commits)",omnyx,derived
2026-06-03,Wednesday,WFH,Mysore (residence),,,,,OMNYX [55]: feat(protocols): multi-protocol DAL — MQTT + Modbus + OPC-UA adapters; feat(rag): pgvector knowledge base — ingestion + agent retrieval [Phase 2]; feat(phase2): MinIO data lake + Airflow — working telemetry archive (+52 more) · Nesso [39]: feat(mobile): preflight checker + progress logging + timeouts in dev launcher; feat(web-vite): i18n increment — localize all page titles (en/kn/hi); fix(web-vite): responsive audit — stack field grid + scroll calendar on mobile (+36 more) · TripTrail [5]: Fix RLS infinite recursion: SECURITY DEFINER on policy helper functions; Fix totals trigger infinite recursion (pg_trigger_depth guard); Live: join user for employee_name/department; add re-runnable demo seed (+2 more)  (99 commits),omnyx,derived
2026-06-04,Thursday,WFH,Mysore (residence),,,,,"Current Works in GL [16]: docs: add stress test summary report; docs: add Decision section to 1-page summary report; docs: update comparison and 1-page summary with all scales including 4000x and 5 (+13 more) · OMNYX [13]: docs(openapi): regenerate spec snapshots (adds /api/v1/analysis/correlation); chore: gitignore tsbuildinfo + egg-info build artifacts Co-Authored-By: Claude O; feat(analysis): device signal-correlation page + API (+10 more) · THERMYNX [6]: fix: H6+H7+H8 — forecast backend signal, agent history, is_running cast; feat(ui): work-order approve/dismiss card in agent trace (H3); fix(critical): C1+H1+H2+C3 — thread safety, tool injection, connection leak, mes (+3 more)  (35 commits)",current-works,derived
2026-06-05,Friday,WFH,Mysore (residence),,,,,"OMNYX [33]: feat: real energy/efficiency KPIs from catalog semantics (Gap 1); docs(site): point onboarding/multi-tenancy/simulator docs at the generator + Mer; chore(console): cut over to Console v2 — promote frontend-next, archive legacy,  (+30 more) · THERMYNX [13]: refactor(ai): consolidate prompts + share JSON parser (P1); bump NL-SQL timeout; feat(predictive): trend-based degradation -> auto-proposed PM work orders; fix(ai): reconcile kW/TR 'fair' threshold drift in prompts (+10 more)  (46 commits)",omnyx,derived
2026-06-06,Saturday,WFH,Mysore (residence),,,,,OMNYX [12]: docs(showcase): sync omnyx.html to delivered work; test(e2e): console v2 + reports persistence + control shadow checks; feat(console): report history/generate + RL control-actions card (+9 more) · THERMYNX [12]: feat(cmms): Phase 1C Alarm -> Work Order management; feat(ems): Phase 1B Energy Management + Cost; feat(ui): THERMYNX sibling theme — real thermal-cyan signature accent (+9 more)  (24 commits),omnyx,derived
2026-06-07,Sunday,WFH,Mysore (residence),,,,,"OMNYX [27]: feat: implement hvac vertical extension with agent-backed telemetry, twin predic; feat: implement initial docker-compose infra, airflow integration, and core serv; fix(security): pin RLS tenant in agentic-ai under the omnyx_svc role (+24 more)  (27 commits)",omnyx,derived
2026-06-08,Monday,WFH,Mysore (residence),,,,,THERMYNX [14]: chore: add backend runtime logs and IDE settings configuration files; fix(ai): substitute mistral-small3.2 for phi4 — phi4-14B crashes Ollama 0.30.6; feat(ui): readable model roster + modernized 'model in use' toast (+11 more)  (14 commits),thermynx,derived
2026-06-09,Tuesday,WFH,Mysore (residence),,,,,"THERMYNX [6]: build(agentic): F0 — OSS agentic runtime + eval/test dependency manifests; docs(agentic): fold model-eval routing, performance must-holds, OSS-software lic; docs(agentic): framework rewrite plan, target architecture, ADR-0002, gap re-aud (+3 more) · OMNYX [1]: docs: add OMNYX project handbook and master documentation index  (7 commits)",thermynx,derived
2026-06-10,Wednesday,WFH,Mysore (residence),,,,,THERMYNX [40]: feat: add custom environment settings and initial AgentRunner implementation; fix(anomaly): stop 'LLM timeout' on causal cards — warm model + headroom + keep_; chore(claude): expand tool allowlist accumulated this session (+37 more)  (40 commits),thermynx,derived
2026-06-11,Thursday,WFH,Mysore (residence),,,,,THERMYNX [25]: chore(obs): comment out the langfuse SDK; mark tracing disabled / future-only; chore(frontend): remove orphaned migration-leftover components (zero imports); docs(agentic): F4.9 HITL done; F1.11 durable checkpointer deferred to 48/64GB (+22 more) · OMNYX [1]: docs(ops): flag shared Ollama GPU with THERMYNX (avoid VRAM eviction)  (26 commits),thermynx,derived
2026-06-12,Friday,WFH,Mysore (residence),,,,,"THERMYNX [9]: docs(agentic): Session 3 handoff (2026-06-12); fix(eval): pre-push no longer auto-runs the golden suite (it floods the 20 GB GP; feat(agent): per-node timing traces (lightweight, no Langfuse/infra) (+6 more)  (9 commits)",thermynx,derived
2026-06-13,Saturday,WFH,Mysore (residence),,,,,THERMYNX [6]: docs(agentic): loop-accurate plain-English overview + incidents log + Session-4 ; feat(frontend): Agent Lab workbench - tabbed Run/History/Compare/Tune/Validate +; feat(provider): OpenRouter dev-bridge provider switch (chat roles only; embeddin (+3 more)  (6 commits),thermynx,derived
2026-06-14,Sunday,,,,,,,,,needs-fill
2026-06-15,Monday,WFH,Mysore (residence),,,,,"THERMYNX [24]: feat: add .claude/settings.json with pre-configured shell execution permissions; feat(security): M9 recursive injection-hardening of tool results; Add architectural handbook for Graylinx LLM platform and initialize Claude proje (+21 more) · ClimaStream [1]: docs: add architecture and agentic flow diagrams to project documentation · Nesso [1]: chore: update lockfile to reflect dependency changes · OMNYX [1]: docs: initialize architecture, security, and roadmap documentation and implement  (27 commits)",thermynx,derived
